Id,Label
6ed17727bb51,145
4938744adca9,145
c3bbd2bf7ac5,145
d93fd7e9436a,145
b184fb6bc58e,145
b4df706516ff,145
d6d716ddc854,86
a4c2edbbd270,86
67bf2882a514,86
9fb33244fed2,86
11f9ce84907c,86
483340888eff,86
d1b67c0bf32e,1
603aba777701,1
9d7eb5ab33cf,1
92b19a14cc43,1
c0d6ce492abb,1
46b62906f211,1
4728ac5a859c,140
311fa8574407,140
46762e601d58,140
ba6560d8d272,140
4f2437bed0b0,140
cd78b2480329,140
113df0b819d4,67
f65530472164,67
38496edcd71b,67
837bf2090495,67
c6eca6bb6178,67
8adfd36fa140,67
def642f0b2fb,21
52cdaa4e76aa,21
adfb77e9ce49,21
745d6b6fe93f,21
78c3e5c53918,21
c5112d031fb8,21
698f7bd4bb03,126
f66675906b74,126
97e0ecf077a8,126
5c5bb6a3d967,126
a39ce81235ba,126
e6d8249da943,126
fa7585c0159b,64
1c06674b8605,64
5760e39686f0,64
6de68fdd5b14,64
0f56cb84a187,64
ac0512c5f4b3,64
563fbcdf2796,73
6218ca2aa5be,73
9baf59a15be5,73
98b517183d5c,73
8ea702e3f9a9,73
b48d842e378f,73
c95c22e96a6a,148
858c3ffc04e1,148
780d7ebeb388,148
17d186f03862,148
8395df83bc22,148
d6ab6e3a243a,148
0e57630362c5,74
93c8301cc97d,74
0bcd02947ed2,74
65098f212606,74
931740c4e486,74
a2fb1bb0cfd0,74
55881d51f5b2,136
052fd07ff128,136
37a2e39c4c3b,136
d6327083272e,136
69b74ef06577,136
c8e18da02264,136
d9e754280520,36
08b0c24e48b7,36
2d302bdfbad3,36
b2ef544555a7,36
25bc53da7746,36
083245448f13,36
69cd98c70772,7
6c5d7b60eed9,7
13356e929aac,7
c0deb401dce0,7
70869f888755,7
4c328bc40e7b,7
04690cf046e0,85
4d69d1a00390,85
a17e559c7c59,85
11493b2bacdb,85
56fdfce62e0b,85
f21ead3d474a,85
e86bdc21d5de,190
cfef1248859a,190
5c9bdb44b7fe,190
5fe5e5381d5e,190
5f08159c139f,190
368815b8862e,190
50fba41f772b,147
a06c8aac9cd0,147
5dfc995347f5,147
92096ed43119,147
1a1107b5d5d3,147
3dfb06a133f0,147
ff068e2023e3,94
b66d73ee5c56,94
f01bd922d04a,94
9bf9b0fc71ba,94
a3fb897a9ab3,94
18593b02f010,94
09d3721e1487,37
91c5552aa95a,37
9f609b770d7f,37
fee93ecf66b4,37
b61a8b28398b,37
400f7c62ec9a,37
284531b56534,77
516c974b74fd,77
e713ac7d8731,77
4f0329e34169,77
1b867213bc3f,77
2df2d9876c87,77
1966831121b8,118
c5f1311a9a33,118
fdf01cb67739,118
400c03e58c73,118
7172c27a8605,118
59efb0971f86,118
581b8089f689,185
e7379dfbace6,185
bb06de99a265,185
7af0499c1abb,185
3a341b77a065,185
07e5889ddf31,185
81935a0c3fc6,144
81b190a9d578,144
96deadf96fc4,144
0426d7777e5a,144
2596a555dae5,144
8595b0e0b95f,144
c28ba14f1f99,171
4266b70c4f28,171
bf172aafb9bd,171
9c7d99571e3d,171
7e3dc0e5fc19,171
7b8dbc67a25d,171
991fa197e77b,82
6cd433f354ab,82
0ac2bcd3bb13,82
cbfb97623b17,82
fdcc2907ed0e,82
f896b4f90429,82
4915b8ba46f1,194
dd3e0f78b271,194
c440f1299f72,194
177308b41083,194
30cf528fdc00,194
a61b4455af80,194
399feab14761,30
e4dbdc5c53b3,30
d60e4a573daa,30
8e7b19e36f9d,30
39c961e9f0d9,30
1d9ab47e1007,30
357854a7093a,47
5b737cc67f0f,47
d3c7a5afc15f,47
9c7475d50d8b,47
d1d3b33bda78,47
db81f7971609,47
64293da4f34b,5
5c58c39e8dbc,5
f6347fc75f97,5
1e5f1717e6a2,5
99af90955020,5
7b3a6ee48fe7,5
03ec876c5cbd,93
d75afe1c8738,93
4eb7ff55dad5,93
64a2ff305928,93
3fb180241898,93
1b2e87a0c16f,93
4f8c13d7c129,177
7187aa9ec947,177
0749156a5d7c,177
0df2e413337b,177
990c49992f7f,177
e04ab25ac006,177
8c66c86f5999,132
a2701c9ea70b,132
8a5213214f23,132
920fc9accdb2,132
9ad8775c5742,132
e0cb65b93166,132
140a165d7c12,182
b047dee260bf,182
abf90957a208,182
2626af6aa4c2,182
4a1dfacda03a,182
d8a433cfdd26,182
79840deec69f,69
d14533f86981,69
cffefc5c44e1,69
2fdcc05b1234,69
34fe873a7a5d,69
9887baa9030b,69
85ba5cf28b42,54
315d31100851,54
51d756df1e63,54
d62c8a06ab73,54
9700d38a97cd,54
446af29aea36,54
612c9df35cb8,176
7aa9c10f8322,176
b10f4c953d5e,176
fbb78b32a4f1,176
12e4ffb3add8,176
87d095f85db7,176
d92caa5ccfaf,90
0def67356112,90
dcae6a0abcdc,90
6841357c306f,90
1702f6930f7c,90
87ff0261363a,90
8cf1d34b1951,89
b72b05069559,89
8033a3b82491,89
da02c3e73a5b,89
2e07469efedb,89
c9643cb72c0c,89
a246a60f3dfc,170
9218461b2023,170
8f6619490128,170
8b2a0ce211cd,170
d8271d2405bf,170
1478346e48d9,170
a8f3da08fa0e,43
9489e101ef66,43
151b2ce4be0e,43
13d93eb43d63,43
ed8f5c39ff75,43
b036a20d5a8c,43
062615b57a93,59
60d1f7f570fd,59
08b32550e71c,59
e00b424a0283,59
68091ecb272c,59
3d70c3e0a3be,59
3a46d505414b,152
076a9cb89296,152
2e0a89c1c90c,152
6de840e06adb,152
0c4a7ca6c7c7,152
67c647a45f2a,152
00162def5fa3,106
66d846a780f4,106
b5fc3447fba8,106
5adc95d33822,106
c8645f0be65d,106
c586972e347f,106
0850c42c4e6a,3
1669b5e06ec0,3
767dfc71a556,3
72f1864c15a7,3
50951d2aa2a7,3
f9d70db4ea9c,3
d4d77e6730a9,189
9cd00e4065cc,189
0ea68279ec2d,189
fbf7feaec041,189
772af775212c,189
15f1e0068b2c,189
d06a0221ed25,141
edf3a7258488,141
8cbc58df6a94,141
6b06992fdc11,141
a1fd58e1694c,141
b70d75d9a2fe,141
450fdf9beb54,72
75d01b6d901c,72
8895c92fa9e4,72
768af82ecfd6,72
3d66f2daa585,72
078ccaca9f11,72
db81ec52ff99,8
c7b5fa5e4ce3,8
bc8617577575,8
984b5a74b013,8
1229f7a5868a,8
daf5044cdfb2,8
95059394bc21,87
fb2d020bfb5e,87
4f97e51a0bf9,87
d5f19aa98201,87
281deb7c68ed,87
a1875427d53f,87
a171c72881e3,169
cc675c23c883,169
0891f7a586ad,169
bd59195cb0db,169
9d16e82021a4,169
f9a902ae32cf,169
c2e0e368fcea,178
224cc640dc47,178
6e8a39a280c4,178
137721bfee47,178
1cf0c0246832,178
0612b67a3af4,178
08db3e7997e8,112
19d74360afda,112
e1d9ec874d1c,112
6fb9694be080,112
f07b4a36ccc4,112
0188a1cddafc,112
dd8437f3fa71,9
1360466ecb48,9
552c95d4e712,9
72de30f514cc,9
5b9ebb27922b,9
e4432af5c17f,9
a225a8f42b93,173
95b2affe41a2,173
a3dbc180b94e,173
3dd0dfdc377e,173
90de53464942,173
ff2376eb85bd,173
ec1a80a3d9ff,31
07d049111d37,31
42d1563b8b11,31
f8c57b7bd490,31
eb4f3b25f13a,31
1bfb4d2f9145,31
de605c4fb0c2,45
1c13804dd056,45
94ec79c1975d,45
bf90c0c8bd6c,45
e716f7012a48,45
1c0e4d4646df,45
a8ae687ea882,120
9b0737204e38,120
aab0872d48f2,120
5ec57c1ab7fa,120
41b00739b1ad,120
fe30d6685334,120
55604762a7c0,159
4f1b2852a130,159
9c84b83c4c56,159
76e8ad0e33f8,159
8dcdec83f52e,159
9ab1faa55b81,159
cd9bd92a2851,166
51b1ef3e32b0,166
6c62aadb574d,166
829a9b278145,166
96abd9de5c67,166
95ced98ae86f,166
64b53a3d293d,28
11b919663de0,28
f6db61cccdd6,28
aa5395a8ec97,28
33d4e98ddce2,28
cdc2ef7d7c3d,28
b729f29785b9,151
b8633facc3d1,151
4f4885529ed4,151
e808f0ac2c88,151
8062e8058cf4,151
8a7064538561,151
be7751b4b652,33
53f7858d78b7,33
341f08f4c158,33
5206c90aca64,33
676290013ca8,33
4842f5b1eea4,33
6148b4b07643,111
f4293635d8d5,111
91ce39fdf9c7,111
158607e73c29,111
12718aeb7061,111
63e5fd0be15f,111
f8eff74fbf2c,17
c8de2637e3f1,17
2e80edbd69ff,17
f80e642d0f77,17
b5f0a4f6d347,17
7a13104eb48e,17
c9dcf454f3c7,24
58737ddc3f4a,24
9f1e32196c29,24
640bc6435d47,24
b58c14fc3255,24
fac94f4add89,24
3b962cc6bf75,116
4a7bdb727297,116
a764ddd2f54e,116
fd4e64aa2652,116
97b09b535237,116
5556dcc7ff55,116
d6537226f45f,19
cb0b1bd6a5f9,19
794c64751f44,19
86f368659da4,19
cbdd5a525524,19
ff5e81d2daf1,19
36b282360c4d,65
6bba671b494c,65
5cb0863ffdeb,65
62132e59c000,65
d9bc083da5be,65
ca76e77c76da,65
0ecb27f5c36b,4
3adf72028e03,4
fcc0dfe58a85,4
4569485091e7,4
9c43d036ebf3,4
b487f2c7c0b0,4
2143fb9a1320,50
599c55617662,50
7751f2184209,50
bf74c1c89c1c,50
63a9e3585854,50
00e732add1e0,50
e62efe3633b0,52
25f08773e353,52
e6afa4fdb8c7,52
98f3310a1016,52
89ea0ff94dc7,52
46a24efd562b,52
5fa8f785ca94,44
3f7b030fcb6b,44
2a11255d0af8,44
79099d49cd25,44
719d2c27836e,44
bb5ce3d904d4,44
00728e632cb2,60
39b3fb656e9d,60
ffff06e1d480,60
b5e322ce3c83,60
3b0d16378200,60
2507562eb7fc,60
8e55078a874e,95
258ad3462bd2,95
c0eb64556789,95
299a69ecefbd,95
74257389d43e,95
d9999211e401,95
2be503a79638,168
d493fa45da91,168
a359229d9495,168
1eac1a8bea39,168
ce150b2bbfd7,168
c41f8a83ea3b,168
d5d7e1c122b7,175
6b2b871b3fc6,175
40cd9c59aab6,175
3a105e0220b0,175
360041e12424,175
589a8ab592d4,175
70249d571478,114
d73fe3ea88fc,114
e28fd8e75a25,114
579e9fff0e3e,114
66af3859964f,114
bbd60a17cdbd,114
7768f93cf9c4,66
20796f64e1b4,66
434abd27c75d,66
96b3f5fc6ac7,66
24ae4665d904,66
b4c788918835,66
0d35a2bebaec,100
72e1501597f3,100
653d317ed2fe,100
6190805d9485,100
1f9f7972943c,100
b8dfc174ee87,100
b11bd1a72e2e,149
9873ab3dfaf2,149
f2abc25fa2b8,149
eca712e365d2,149
e84a556489dd,149
0c9bdb5a5d93,149
7b9d169b6087,128
836409ed3cc4,128
34fc9d036f42,128
088798dfb750,128
061e8e539485,128
1029825f37dc,128
fe994da2863e,142
2407ec604c2b,142
ceee330c82b8,142
e668f4c99917,142
62afec3e2338,142
30d69e240e1f,142
09f9bad968ad,102
294aad8574af,102
5bb1bc75ff1a,102
3feaad954247,102
e2a79b2cc4cd,102
4ac4b0e0744d,102
5131f1af34be,38
bfe2d1e5646e,38
0b3ecdf77057,38
3a5aec26335f,38
68012263fd53,38
d2441010e75e,38
9d11e7f88a52,131
4861f0b68539,131
d08d8dfccaea,131
3362776061af,131
57f1ba87664d,131
a195c1896024,131
f64718262da3,167
1ff2e33be3d1,167
84107e5808fa,167
f815f2b5af91,167
821a9270e826,167
3f2bb94b8f27,167
cc6a449ae66c,99
7806905e759b,99
5dd01804e0ae,99
8f527cdf3ab2,99
e68a93ff3c98,99
a817453bbf34,99
ed1330756ab1,125
1f3c860f7250,125
a05987df8d5c,125
daf6f8aee241,125
451b3d663a92,125
743b2856ee10,125
0a2328d47e01,156
910295c7b3fe,156
dde226c5c876,156
fdf0f0d33289,156
3f2ba716d87d,156
fc51176e5ada,156
ea7f035794e2,110
ba416e3733cd,110
ab92eb42f4fe,110
8aba6f49461d,110
3f18cbc079fc,110
abd3507808e0,110
af31a6bcd4b3,32
5910acc55cb7,32
5ba4803dbdfd,32
88a18d83044e,32
6c13560b3c3b,32
010b2b61bbcd,32
ef42c5c9d727,70
60dec5bd4905,70
12e7a2ab79c1,70
ec077a05f740,70
23b52f450ee3,70
da1f1188742f,70
8edebb3e931b,192
536efc0b338b,192
2d99696f604e,192
603b077efda2,192
74b5c925a5d4,192
e9f2e68c579e,192
cd560ee68093,183
4f05c846e246,183
856177c61496,183
38c602fdc33a,183
3e7553541a55,183
ea0fef6097b0,183
d49cf9d93558,162
e3a8f0cf239e,162
08e566d2b161,162
a784fd740c51,162
25d3e9d256e7,162
99f631f57653,162
aed5b2224bd7,193
86ae1eb50f9d,193
212a120e2945,193
b5425019244f,193
27a35de33ef5,193
898fed7e045a,193
4ad8994a26e8,61
7c102e02f355,61
84b6569262d8,61
8f342ad77a56,61
9324922076bc,61
733fa3501777,61
2a163c6a624e,174
b26236ba74e6,174
235f7abc2fef,174
7309b217ea33,174
ae305ad34814,174
e9e11cbdd570,174
e8e2220afc39,129
ee95461e3ccc,129
2d9f7be148c8,129
8aa477350e4a,129
c334469f47f7,129
2dda43e30ce6,129
a0c7004bee49,41
f4d417bc7840,41
2dfee5685162,41
edc9b95019d7,41
c4ff80429103,41
53db09fcf43d,41
0ec35f260735,26
3900ab7972d0,26
6e700851c221,26
5f6413b32109,26
a03172e42db0,26
ce9b1f3d0387,26
38561c936667,107
78bee0edd747,107
e78b3130edc1,107
283502367482,107
4391fb456ddf,107
a77e5899e71f,107
734d84c8540e,138
4dd25c3a22df,138
c3ac748fcf35,138
fd9ea79f0a2d,138
d88fbb570b84,138
a66083bf641b,138
8df010d55550,11
1e897b26bee7,11
f9b85a9ae2f5,11
6190c0a37c99,11
e26a56de9ada,11
e116041e3ded,11
f8938bcc2f4d,184
58e2db6ea1ed,184
555f1056eda0,184
75b9540d5cc1,184
4ca40d475a93,184
b6d4d79d0148,184
7c978b08fb3b,63
7cd2f82a39c7,63
7a50194ffc49,63
7dede5facec8,63
65e8ce2465de,63
386501ed4e3f,63
a9fe86be8d5e,161
0479f1e5ac52,161
f19c9793b467,161
1ff77daab952,161
6464f4dcfc3b,161
42942c6ca102,161
382803142bf7,20
edc1ee43b2cc,20
f4d4cbe5b358,20
43d3fd95e81e,20
b8856335afc6,20
cfcda45e1b30,20
192a5fa0c382,103
a42ec9923a0a,103
042b715e50bd,103
e0eca9429aa9,103
146dd37d4a63,103
2952da347305,103
35e8156a843e,157
6c3098976c1f,157
5dd1b2f64572,157
0d96169d71ed,157
4c8543ce10f1,157
325c7df7a313,157
578a116b7eb8,10
db67f7193d70,10
6cdb2abd71d4,10
19bc34d75deb,10
5ed91ed87d42,10
2ec005a634a8,10
773a55d0e930,181
06c07b9f8e9e,181
c04c7dea80cb,181
de898254991b,181
f80e33e696dc,181
1c5f176e265f,181
1a3332893f40,68
0a74f47f38d3,68
7285e240b8f9,68
fd3fe82cb177,68
78d296c861f4,68
0f05ec01081d,68
bdd141203c5e,163
519a0d8f80a6,163
a925d419234b,163
b21c9bee777f,163
c4d664f744ff,163
463e86fbd2ed,163
158221614aed,91
b5b716c3409e,91
dc7fdc0ee2c8,91
541c123fe59b,91
9ddec1b8c367,91
298915a1c903,91
18f525c86a11,80
648e87aaeaf9,80
5adcd25fb647,80
88901259e167,80
4a31a7e58244,80
304f75b1ca3e,80
2967e2c18f34,71
c8a380adf48a,71
c59c9177f092,71
705644048762,71
933a085cab34,71
2bcd2b28ce38,71
6510a9cda7c0,179
a86fcedcf3ae,179
94bd829ef8aa,179
629ab3ab0e22,179
f5f6d0f93933,179
fdbfe41e6815,179
040252ec123f,123
be268df6ec5e,123
41fb438dfd54,123
cec8caea7903,123
033b9d7cfaf8,123
b9b88679b95b,123
32287546f255,40
4c799086fdcb,40
fad43f6fadc8,40
a399b290f54a,40
1aa59831fd47,40
7a5fefd06e28,40
c9e975e11e3e,146
6e4efd57c991,146
7ceffeb2dd5c,146
807f894f26ad,146
75d624ead969,146
58017dcfd408,146
d92fd56bd2de,117
d3f188b77a76,117
253ba53ba4df,117
9cf323c73e29,117
5bb8e8f88fe2,117
f3b321cbd3d3,117
06cebc66cde6,137
d11ca5635a58,137
13f5d86a16ea,137
206e9f834a26,137
aca6393f0cf7,137
06ba80e96719,137
6bc3a556ae6b,108
44e50b7493c2,108
e29a41dfa424,108
811fd9151233,108
1fab1c3721ae,108
8aa6287c9222,108
89801354fc3d,180
8ded64c00c49,180
6ad37020064b,180
2e136bf8d84f,180
382201a373a0,180
82b0790c7ed0,180
b6032d1f4ea4,160
75ad9420a815,160
8f9a915b1eed,160
4fcc1b1c96bc,160
eb379b4ae717,160
a11d7acd20e6,160
79a87571b586,133
ac7328571e6c,133
bb2665b4efe5,133
d6932212f237,133
830e4c629380,133
0f9ab2f411f4,133
71f827183f82,98
44c43b671fe5,98
63588648e3bc,98
73fa9ddf627e,98
eeaae5a1ad1c,98
ceb3a2a93b24,98
22ab31d47223,13
0e5fa2ef6cfa,13
f582bf88f411,13
7329b2a6481e,13
3db8c0387beb,13
0acd4f502b7d,13
902b2884f4f8,113
090e2e41be82,113
dde00dd5619e,113
b9de6d60b4e0,113
e6571b1e7653,113
5570661766f2,113
0d06d3112a60,27
1d01f8c9fce2,27
68841b8fadef,27
f109df09f223,27
07ef365bd8db,27
ccb5d7eb3248,27
31e41c9b7d2e,164
e939e5a61cb0,164
13ecad263deb,164
5902fdf9e77a,164
023f75bc7398,164
25126fa474cd,164
38a16f9f4524,104
f94615430688,104
1c9294109988,104
e17594e64d3b,104
b76b2cdf3d6d,104
8191cae07753,104
86512584b076,150
b6078da342ca,150
ba167e146c16,150
217036a0ca1e,150
e390feeb2525,150
cb05035fff50,150
c01878870bf1,14
aab4ed589ab3,14
5516ca419d08,14
f4b03aaf6a9a,14
1a820b85d022,14
40f3950bbd10,14
3cb88930bc61,48
307553f74fd3,48
e6d395a39af3,48
e1d547238d69,48
40fecfab6fd6,48
92fcdbf70a89,48
d3cd864e6e6a,158
96e05ef6c82d,158
300a65d6228e,158
f8404e9ad579,158
1f12c3c604a1,158
033cdfb52b0d,158
6d88b3e6ba51,58
ea2b50cdde49,58
cfa26d4028e9,58
f3fcd1d9bd8d,58
31f61a9fe4cb,58
40dbb80e94e7,58
eee4369ea8cb,172
fa4af29da4a5,172
30bcafa81473,172
f6096bbba961,172
4fb926c0446c,172
43b003c23ee4,172
cc52ed68cb3a,88
4e6793ea90ea,88
bc05ae56ce7f,88
7e5640d411eb,88
0f12a5f1dec7,88
f2d9bc8afa8e,88
f4b6c194e496,29
877278f2b57b,29
bc8be32a591d,29
59cbb044d511,29
5db29eb11a86,29
72473972585d,29
c7c9ec80cbcb,195
86fdac7307a8,195
c4944d4c5234,195
5d7111a03945,195
f2fe5ae71ce3,195
6db142c073a6,195
6df4b3670522,81
4636052fe555,81
8702209482c8,81
21ac181ff0fb,81
61d8ff0a22d9,81
3ae4d486cd0f,81
109f89c12398,143
58f4826ef6d3,143
51bd2548045c,143
95c42dcfe77c,143
4c80ef58dd2b,143
34b520a44f78,143
563a4fe44720,25
cbb826201308,25
bdbf12439bb0,25
80119e9c7bb7,25
e9557de9904e,25
90dee7b86b01,25
0c171afc96c6,96
22ded5eb8209,96
2005b7dcff50,96
ee62bf8e5087,96
ec26cf73e803,96
66a82a651067,96
41f9a4153490,34
809158df9b18,34
e9e31ef1273a,34
e9026ce79a55,34
3efc3b3626c9,34
40afabbfe6a9,34
ff8ad0de1258,53
6b4cd5622bd6,53
08808cc0e9b7,53
310581b2edf0,53
359223cb635b,53
80d44eb125d1,53
4c40a2651346,130
46fbbc637dad,130
903e82857c29,130
cf6a0368be1e,130
348512d58ad1,130
7c65f0db0319,130
326331dd78e7,46
01380ffa7a98,46
46b56746e069,46
45b9db2df076,46
f5556314e799,46
37ee958aa447,46
ad64ccf46c85,16
4b384ca5d750,16
679f48c3149c,16
10670746b05b,16
c5847033f232,16
7453151a3632,16
30ff9cb431a7,15
3f94ea3f1896,15
b3680088bd07,15
39f14ee3da9e,15
33311697e427,15
8ccff996fb88,15
3f8520bae93d,135
dc66cc904887,135
7572c044c5c5,135
184facfb5b46,135
b74a31955376,135
68cdd21f50a8,135
21362cf3cb50,2
3d56fa192362,2
e7ae67f814ff,2
f8dc6e123d1a,2
824f3c18a89e,2
c36320d019fe,2
6b495227e988,122
809dcce69b0e,122
364eabdb3f69,122
07323e66f4d5,122
b5533815d257,122
719a024ae64d,122
7bd1e3f7fdc2,153
ee20019dee2c,153
c3a52e805412,153
2b486e6d05b9,153
10b08d26d9cb,153
a76a8e187871,153
efb0847ac873,92
dfcc33a31c50,92
be0ac7dea433,92
4afc252db423,92
fcc21bd9cc1c,92
a305c8453a03,92
fe5bce1b697e,75
d788285bb172,75
25def48aa0f1,75
1299be277003,75
335270892745,75
c5513317698f,75
33d23e6f48b4,134
37c6a38c93fc,134
0e4e1107f499,134
84e290e85f27,134
d3cc5a1e39cb,134
8f59a2e97abc,134
111c6e951a41,55
1993d34ec30b,55
449395b3a05d,55
de7686ebdb18,55
349443dcb4a5,55
f753421178c3,55
dd4a3f350609,6
fbd38065a21f,6
e25973b24653,6
9ee291c5f0fe,6
99d817f92b69,6
34d9d4ab6f8e,6
1b66b85b4019,121
178d340d62cb,121
015d0a6dc434,121
39fb86549d1e,121
bc1a1ca98e47,121
920bfd240113,121
ed64064ba7d5,62
dd86c7b9f286,62
e4f5ac971db3,62
4de95cdf5bd8,62
fb803211a105,62
feef004d499a,62
47cdce37225e,12
c1d1a3a18054,12
6a839a7c3940,12
7f01ce2f8237,12
ed989846ea57,12
0c30a6f3e62d,12
4a0d4a970f19,165
1e1719e32f71,165
b316763b5bae,165
c960eead735c,165
528e5c3cdb2f,165
89da4b3b54d1,165
30ee35a81a02,78
6bde738f71f8,78
5b1d20fd1f33,78
d5639e23b3a3,78
32acbf7b7cb8,78
a33eff111525,78
1bd1f04c9de3,49
174cfa8267c9,49
ae64d32ea45b,49
5fa24c2bda7d,49
5ec35b200309,49
4a8326727b31,49
6a058b93880c,39
2d11a0406ba3,39
a1a16fef6823,39
6a05446fdd4d,39
d8c3eb40a58d,39
3f850ec793b2,39
e073eb37dd88,188
f668b28e5967,188
0aabcf0d45a1,188
b9aa8f98ddde,188
df0949fd1736,188
65d9e2b87d32,188
9aa46a1d8579,42
1f0ce293c15f,42
ade582e87cc4,42
1ddbc3d993ff,42
037424f06eb6,42
cb9a4e3499ca,42
eadebaa4e554,101
87e3c9fbe897,101
e3befde4d474,101
2b3918d48c03,101
66928ae2d12d,101
0b29b6dc27e5,101
2d177b1a9d68,84
b95068026140,84
48230cab4c12,84
c8307e38b31b,84
76df70522562,84
63b064fa7d43,84
7aab8323f443,56
eb937db6e151,56
2d9fa5609611,56
fa69a91a3704,56
061758323743,56
49a815c313e5,56
a19fb5652b27,51
2019fb3ace25,51
d27fff70a2c8,51
ed879fc0cedf,51
d504a3483222,51
517564158f64,51
5bba16ec0a6e,22
641b28ca33c9,22
7b299deb4441,22
e8214e8eb145,22
dfae0748161b,22
8acc05b598c2,22
7dd64bea9215,124
1247879e5967,124
c5a9bd9587e7,124
1c13fa242ed5,124
031e085fc327,124
3f0541af5a99,124
ce95db344108,83
afe802a4d435,83
dc0202f6581e,83
9c17ed1cc903,83
02b79d3b56d0,83
69a835b88162,83
7fa8f399ddc3,191
d44116f45d38,191
6856b60d342b,191
0679eb295b58,191
8b4fb5271a4a,191
aad45303d40f,191
d94960d8a6f9,105
72e44913a9a2,105
96d17ffdfab8,105
e2608fd4fb56,105
5d677e3c8ede,105
4c1cd30e4667,105
a8c23f6a4c04,186
43b37bb05bdc,186
96bf042f8893,186
140bcdfe1cbb,186
0ce12962d684,186
b1253aa48c6b,186
2a69bb25062f,79
1240969298ce,79
4cc68970e104,79
f0b169b55f96,79
122c0f457e65,79
5e25bcec68fc,79
e9b5a43beef4,187
02144a41fd65,187
0400723947da,187
011ebea89a45,187
265af7794898,187
96fef488f5e5,187
fe8b06ef65a5,57
d56678828987,57
991eaf6dd3e0,57
e7f9c5773a91,57
e066ba852199,57
35e2977c3898,57
918c69bd90d6,139
088dc3133741,139
3cdb6889bde9,139
74f77bdeedef,139
c39750c3bd79,139
282245ee1b9a,139
6172184f66f2,97
b9db0c80430f,97
62bd1f0d63e3,97
6e2d66434ae8,97
d2136d21d18b,97
d183edd8df60,97
685dce609d83,155
14c71d8390ed,155
ef48d44fc7a5,155
209f07583719,155
cdf0949634fc,155
6730749bd1f6,155
1b3cf9adb7b6,154
a06fa6de969c,154
e76a91b3c3a7,154
b10ff84f153b,154
b4cf5ede34ea,154
b0ed5b832c2b,154
d6c800d66609,119
e879503e8f67,119
0d78967d672a,119
b7f778585200,119
1d6a3af74495,119
3759e78a983d,119
96da356e3f27,76
9bbf849b088b,76
e6b5c43fc533,76
54eca4d8f337,76
7e9c60e0ac47,76
cf36f557961b,76
cd8a85af8540,35
12f805f0f7d1,35
4595b020d649,35
98d316bcd597,35
3093b97c0e43,35
df65d5012e15,35
add465bbd08b,109
72486faf90d5,109
d12be3b079ed,109
e054d78b6cd8,109
e7de4af0bad1,109
6ecc2b9b45e2,109
17b6ec260034,127
db50f2c552be,127
a96e5d96f02a,127
6eb6d27f0c79,127
f58c5cc74803,127
92fed91a3328,127
707edbb7b04e,23
6486a38d7004,23
5dae18a01eef,23
0dc40ece2246,23
037dfeda19e2,23
83ef59e34f27,23
fde9667794c9,115
5d50c178f95c,115
46e9ca4d0720,115
d2f3cf41012c,115
c6b94b5e19c9,115
23b150f2809e,115
5455e63cf4fc,18
de195249b1ed,18
a22c5a4bd5eb,18
87fbcf989275,18
86270c277d33,18
7e49269d767e,18
